x,y,z,yaw,pitch,roll,q1_in,q2_in,q3_in,q4_in,q5_in,q6_in,q1_actual,q2_actual,q3_actual,q4_actual,q5_actual,q6_actual,q1_predicted,q2_predicted,q3_predicted,q4_predicted,q5_predicted,q6_predicted
159.5239,-705.8126,1675.1054,-1.1078,-0.4041,1.6664,-1.2583,-0.4057,0.5186,-1.4454,1.6834,-4.1659,-1.2328,-0.4653,0.5648,-1.4003,1.6422,-4.2082,-1.2138546,-0.3548611,0.47314608,-1.2287277,1.4571482,-4.3063774
-670.0955,639.3757,795.6042,-2.8969,-0.9311,-0.9881,2.376,0.6194,0.0031,3.0898,1.9665,3.5868,2.3735,0.6847,-0.0293,3.0704,1.8899,3.6516,2.2219536,0.5617976,0.091307804,2.9412386,1.7827474,3.7003098
